"","ensembl_gene_id","baseMean","log2FoldChange","lfcSE","stat","pvalue","padj","sig"
"1","AQUIFEX_01423",10087,5.03528493623391,0.272935674191509,18.4486141327968,5.34995359314914e-76,7.93933113223332e-73,"yes"
"2","AQUIFEX_01759",3051.5,5.03202280711377,0.28189566380924,17.8506570094635,2.85655990436608e-71,2.11956744903963e-68,"yes"
"3","AQUIFEX_01761",2788.5,5.03562382386094,0.283097286545286,17.7876089358257,8.81624781320197e-71,4.36110391826391e-68,"yes"
"4","AQUIFEX_01723",140.5,-10.5770980577988,1.4725200019289,-7.18299109278212,6.82025456836682e-13,2.53031444486409e-10,"yes"
"5","AQUIFEX_01749",75.5,-9.68107839823385,1.47381141350488,-6.56873620975101,5.07440871281e-11,1.50608450596201e-08,"yes"
